"","X","layer_id","Loss","Stable0","Stable1","Gain","PercLoss","PercGain","SpeciesRangeChange","CurrentRangeSize","FutureRangeSize.NoDisp","FutureRangeSize.FullDisp","area","file.id","sp","model","rcp","gcm","filt","biointer","src_ras_file","gf","scenario","RangeLog","CurrentRangeSizeKm","RangeLogKm","FutureRangeSize.FullDisp.Km","AbsoluteRangeChangeKm","AbsoluteRangeChangeKmDivided","SpeciesRangeChangeDivided","AbsoluteRangeChangeKmConstant","SpeciesRangeChangeConstant","rel.quan25","rel.median","rel.quan75","abs.quan25","abs.median","abs.quan75","future.med","rel.quan25.log","rel.median.log","rel.quan75.log","abs.quan25.log","abs.median.log","abs.quan75.log","CentredRangeLog","cent.rel.quan25.log","cent.rel.median.log","cent.rel.quan75.log","cent.abs.quan25.log","cent.abs.median.log","cent.abs.quan75.log"
"1",38017,"layer",62,183825,115783,0,0.054,0,-0.054,115845,115783,115783,"full_area",6337,"Andromeda polifolia","_EMcaByTSS_mergedAlgo_mergedRun_mergedData_TSSbin.grd","RCP_2.6","cesm1_cam5","max_dipersal","no","/work/georges/BRISCA/SRC_baseline_maps_2017-04-26/src_baseline_06337.grd","Low shrub","RCP_2.6_cesm1_cam5",11.6600083696715,11584500,16.2651785556596,11578300,-6200,-0.0062,-0.00054,12.5248,1.99946,1.9364225,1.983635,1.99984,11.7945,12.3414,12.52915,11394900,0.660842198516,0.684931020163605,0.693067177359775,2.46763332111754,2.51295946423004,2.52805792941619,0.733338406038317,-0.00248369934287085,-0.0346458057333999,-0.0808691911011676,-0.0468822138986682,-0.0644559739481485,-0.104160054536622
"2",38035,"layer",11142,245134,32133,11261,25.747,26.022,0.275,43275,32133,43394,"full_area",6340,"Calluna vulgaris","_EMcaByTSS_mergedAlgo_mergedRun_mergedData_TSSbin.grd","RCP_2.6","cesm1_cam5","max_dipersal","no","/work/georges/BRISCA/SRC_baseline_maps_2017-04-26/src_baseline_06340.grd","Tall shrub","RCP_2.6_cesm1_cam5",10.6753303800444,4327500,15.2805005660325,4339400,11900,0.0119,0.00275,12.5429,2.00275,1.9318525,2.11876,2.4945225,12.236075,13.04495,14.671025,4841450,0.658479387120147,0.750831011899497,0.914097328121932,2.50438855572394,2.56840108569518,2.68587446019804,-0.251339583588749,-0.00484651073872322,0.0312541860024923,0.14016095966099,-0.0101269792922696,-0.00901435248300109,0.0536564762452327
"3",38053,"layer",29508,246688,23057,417,56.136,0.793,-55.343,52565,23057,23474,"full_area",6343,"Ribes glandulosum","_EMcaByTSS_mergedAlgo_mergedRun_mergedData_TSSbin.grd","RCP_2.6","cesm1_cam5","max_dipersal","no","/work/georges/BRISCA/SRC_baseline_maps_2017-04-26/src_baseline_06343.grd","Tall shrub","RCP_2.6_cesm1_cam5",10.8698057780099,5256500,15.474975963998,2347400,-2909100,-2.9091,-0.55343,9.6219,1.44657,1.33158,1.38835,1.4501575,9.017475,9.31585,9.64075,2041350,0.286366207080556,0.32811599168056,0.371672171223338,2.19916436140469,2.23171725056142,2.265998906426,-0.0568641856232261,-0.376959690778315,-0.391460834216445,-0.402264197237604,-0.315351173611523,-0.345698187616761,-0.366219077526808
"4",38071,"layer",7,125192,107555,66916,0.007,62.212,62.205,107562,107555,174471,"full_area",6346,"Ribes nigrum","_EMcaByTSS_mergedAlgo_mergedRun_mergedData_TSSbin.grd","RCP_2.6","cesm1_cam5","max_dipersal","no","/work/georges/BRISCA/SRC_baseline_maps_2017-04-26/src_baseline_06346.grd","Tall shrub","RCP_2.6_cesm1_cam5",11.5858227044829,10756200,16.190992890471,17447100,6690900,6.6909,0.62205,19.2219,2.62205,2.62956,2.72157,2.7827875,19.30265,20.29235,20.950775,18517550,0.966816531813175,1.00120891967102,1.02345312317858,2.96024239218476,3.01024396773232,3.04217563852402,0.659152740849734,0.303490633954305,0.281632093774013,0.249516754717635,0.445726857168546,0.432828529554133,0.409957654571214
"5",38077,"layer",48936,246491,4020,223,92.409,0.421,-91.988,52956,4020,4243,"full_area",6347,"Cornus sericea","_EMcaByTSS_mergedAlgo_mergedRun_mergedData_TSSbin.grd","RCP_2.6","cesm1_cam5","max_dipersal","no","/work/georges/BRISCA/SRC_baseline_maps_2017-04-26/src_baseline_06347.grd","Tall shrub","RCP_2.6_cesm1_cam5",10.8772166590575,5295600,15.4823868450456,424300,-4871300,-4.8713,-0.91988,7.6597,1.08012,1.06076,1.07932,1.156855,7.55715,7.65545,8.066025,420050,0.0589856323478711,0.0763312132065221,0.145705116243728,2.02249413498808,2.03541781248964,2.08766079587608,-0.0494533045756107,-0.604340265510999,-0.643245612690483,-0.628231252217214,-0.492021400028134,-0.541997625688541,-0.544557188076732
"6",38083,"layer",64,289048,4555,6003,1.386,129.963,128.578,4619,4555,10558,"full_area",6348,"Andromeda glaucophylla","_EMcaByTSS_mergedAlgo_mergedRun_mergedData_TSSbin.grd","RCP_2.6","cesm1_cam5","max_dipersal","no","/work/georges/BRISCA/SRC_baseline_maps_2017-04-26/src_baseline_06348.grd","Tall shrub","RCP_2.6_cesm1_cam5",8.43793351043061,461900,13.0431036964187,1055800,593900,0.5939,1.28578,13.1249,3.28578,3.020675,3.414375,3.705835,13.00245,13.1843,13.318925,1115200,1.10548031634593,1.22799446016784,1.3099086044759,2.56513780124335,2.5790267277626,2.58918595614966,-2.48873645320255,0.442154418487059,0.50841763427084,0.53597223601496,0.0506222662271418,0.00161128958441292,-0.0430320278031533
"7",38089,"layer",53746,212374,30521,3029,63.781,3.595,-60.186,84267,30521,33550,"full_area",6349,"Arctostaphylos uva-ursi","_EMcaByTSS_mergedAlgo_mergedRun_mergedData_TSSbin.grd","RCP_2.6","cesm1_cam5","max_dipersal","no","/work/georges/BRISCA/SRC_baseline_maps_2017-04-26/src_baseline_06349.grd","Low shrub","RCP_2.6_cesm1_cam5",11.3417456082751,8426700,15.9469157942632,3355000,-5071700,-5.0717,-0.60186,7.4593,1.39814,1.3475375,1.43143,1.6460625,7.032875,7.7398,9.54845,3635500,0.298278852727331,0.358673944604899,0.4983860723724,1.95059558381375,2.0463758474745,2.25637883765505,0.41507564464195,-0.36504704513154,-0.360902881292105,-0.275550296088542,-0.563919951202466,-0.531039590703683,-0.375839146297758
"8",38095,"layer",1349,148494,94179,55648,1.412,58.253,56.841,95528,94179,149827,"full_area",6350,"Arctous alpina","_EMcaByTSS_mergedAlgo_mergedRun_mergedData_TSSbin.grd","RCP_2.6","cesm1_cam5","max_dipersal","no","/work/georges/BRISCA/SRC_baseline_maps_2017-04-26/src_baseline_06350.grd","Low shrub","RCP_2.6_cesm1_cam5",11.4671746772132,9552800,16.0723448632013,14982700,5429900,5.4299,0.56841,17.9609,2.56841,2.5884675,2.59428,2.6020775,18.1525,18.20805,18.282525,15229850,0.951066001746905,0.953309021472236,0.956310164427693,2.89880829227226,2.90186380398584,2.9059456855899,0.540504713580063,0.287740103888034,0.233732195575232,0.182373795966751,0.384292757256053,0.32444836580766,0.273727701637092
"9",38101,"layer",3095,157323,97443,41809,3.078,41.585,38.507,100538,97443,139252,"full_area",6351,"Arctous rubra","_EMcaByTSS_mergedAlgo_mergedRun_mergedData_TSSbin.grd","RCP_2.6","cesm1_cam5","max_dipersal","no","/work/georges/BRISCA/SRC_baseline_maps_2017-04-26/src_baseline_06351.grd","Low shrub","RCP_2.6_cesm1_cam5",11.5182910444686,10053800,16.1234612304567,13925200,3871400,3.8714,0.38507,16.4024,2.38507,2.3269975,2.35196,2.3640525,15.818575,16.06955,16.191125,13592350,0.844578809974928,0.855249023089042,0.860377307419082,2.76118488242908,2.77692617686823,2.78446325261327,0.59162108083548,0.181252912116057,0.135672197192037,0.0864409389581402,0.246669347412872,0.19951073869005,0.152245268660463
"10",38113,"layer",19153,177329,69882,33306,21.512,37.408,15.896,89035,69882,103188,"full_area",6353,"Artemisia dracunculus","_EMcaByTSS_mergedAlgo_mergedRun_mergedData_TSSbin.grd","RCP_2.6","cesm1_cam5","max_dipersal","no","/work/georges/BRISCA/SRC_baseline_maps_2017-04-26/src_baseline_06353.grd","Tall shrub","RCP_2.6_cesm1_cam5",11.3967848298354,8903500,16.0019550158235,10318800,1415300,1.4153,0.15896,13.9463,2.15896,1.7664225,2.209325,2.6155125,10.451375,14.3947,18.01125,10767200,0.568956314791254,0.792687039012207,0.961460063018026,2.34673354870244,2.66686008327733,2.89099656266501,0.470114866202255,-0.0943695830676168,0.0731102131152024,0.187523694557084,-0.167781986313774,0.0894446450991451,0.258778578712197
"11",38119,"layer",45070,201335,37564,15701,54.542,19.001,-35.541,82634,37564,53265,"full_area",6354,"Artemisia frigida","_EMcaByTSS_mergedAlgo_mergedRun_mergedData_TSSbin.grd","RCP_2.6","cesm1_cam5","max_dipersal","no","/work/georges/BRISCA/SRC_baseline_maps_2017-04-26/src_baseline_06354.grd","Tall shrub","RCP_2.6_cesm1_cam5",11.3221764970919,8263400,15.92734668308,5326500,-2936900,-2.9369,-0.35541,9.5941,1.64459,1.563515,1.643635,1.71997,8.924175,9.5862,10.217,5318600,0.446936491729668,0.496910252519298,0.542306848812786,2.18876388641835,2.26032456427944,2.32405299960929,0.395506533458732,-0.216389406129203,-0.222666573377707,-0.231629519648157,-0.325751648597859,-0.31709087389874,-0.308164984343524
"12",38137,"layer",637,286627,6470,5936,8.963,83.523,74.56,7107,6470,12406,"full_area",6357,"Artemisia gmelinii","_EMcaByTSS_mergedAlgo_mergedRun_mergedData_TSSbin.grd","RCP_2.6","cesm1_cam5","max_dipersal","no","/work/georges/BRISCA/SRC_baseline_maps_2017-04-26/src_baseline_06357.grd","Tall shrub","RCP_2.6_cesm1_cam5",8.86883549282689,710700,13.474005678815,1240600,529900,0.5299,0.7456,13.0609,2.7456,3.086215,3.406995,3.87263,13.302975,13.53095,13.861875,1710650,1.12694542098921,1.22583067111098,1.35393386279062,2.58798769442465,2.60497965405629,2.62914226599734,-2.05783447080626,0.463619523130342,0.506253845213974,0.579997494329674,0.07347215940844,0.0275642158781082,-0.00307571795547279
"13",38149,"layer",30100,251026,9106,9438,76.774,24.073,-52.701,39206,9106,18544,"full_area",6359,"Betula humilis","_EMcaByTSS_mergedAlgo_mergedRun_mergedData_TSSbin.grd","RCP_2.6","cesm1_cam5","max_dipersal","no","/work/georges/BRISCA/SRC_baseline_maps_2017-04-26/src_baseline_06359.grd","Tall shrub","RCP_2.6_cesm1_cam5",10.5765850752904,3920600,15.1817552612785,1854400,-2066200,-2.0662,-0.52701,10.4648,1.47299,1.205265,1.46368,1.8678175,9.41515,10.4283,12.01275,1817900,0.186699459776865,0.380953812412225,0.624770636961078,2.24232009400557,2.3445232643571,2.48596858573438,-0.350084888342789,-0.476626438082005,-0.33862301348478,-0.149165731499864,-0.272195441010642,-0.232892173821085,-0.146249398218432
"14",38155,"layer",4454,218341,72909,3966,5.757,5.126,-0.631,77363,72909,76875,"full_area",6360,"Betula glandulosa","_EMcaByTSS_mergedAlgo_mergedRun_mergedData_TSSbin.grd","RCP_2.6","cesm1_cam5","max_dipersal","no","/work/georges/BRISCA/SRC_baseline_maps_2017-04-26/src_baseline_06360.grd","Tall shrub","RCP_2.6_cesm1_cam5",11.2562639091064,7736300,15.8614340950945,7687500,-48800,-0.0488,-0.00631,12.4822,1.99369,1.82834,1.895885,1.93744,11.203,11.72555,12.047,6930850,0.603408451360549,0.639685747984863,0.661367514023919,2.41618159957659,2.46177022154775,2.48881566628472,0.329593945473231,-0.0599174464983213,-0.0798910779121422,-0.112568854437023,-0.0983339354396251,-0.115645216630437,-0.143402317668095
"15",38161,"layer",16768,180387,82893,19622,16.825,19.689,2.864,99661,82893,102515,"full_area",6361,"Betula nana","_EMcaByTSS_mergedAlgo_mergedRun_mergedData_TSSbin.grd","RCP_2.6","cesm1_cam5","max_dipersal","no","/work/georges/BRISCA/SRC_baseline_maps_2017-04-26/src_baseline_06361.grd","Low shrub","RCP_2.6_cesm1_cam5",11.509529705901,9966100,16.1146998918891,10251500,285400,0.2854,0.02864,12.8164,2.02864,1.765395,1.917555,2.024725,10.192925,11.70935,12.7774,9144450,0.568374461380658,0.651050937029145,0.705433888867376,2.32169385216843,2.46038766795627,2.54767798537258,0.582859742267889,-0.0949514364782129,-0.0685258888678595,-0.0685024795935657,-0.192821682847784,-0.117027770221914,-0.0845399985802304
"16",38173,"layer",1048,141414,64071,93137,1.609,143.026,141.416,65119,64071,157208,"full_area",6363,"Cassiope tetragona","_EMcaByTSS_mergedAlgo_mergedRun_mergedData_TSSbin.grd","RCP_2.6","cesm1_cam5","max_dipersal","no","/work/georges/BRISCA/SRC_baseline_maps_2017-04-26/src_baseline_06363.grd","Dwarf shrub","RCP_2.6_cesm1_cam5",11.0839716442932,6511900,15.6891418302812,15720800,9208900,9.2089,1.41416,21.7399,3.41416,3.3952375,3.43259,3.5169175,21.616625,21.8599,22.409025,15840800,1.22237371438124,1.23331507827255,1.25758489572453,3.07346269456743,3.08465390817251,3.10946377950358,0.157301680659998,0.559047816522373,0.513738252375547,0.483648527263591,0.558947159551216,0.507238469994329,0.477245795550768
"17",38179,"layer",27675,170336,101659,0,21.398,0,-21.398,129334,101659,101659,"full_area",6364,"Chamaedaphne calyculata","_EMcaByTSS_mergedAlgo_mergedRun_mergedData_TSSbin.grd","RCP_2.6","cesm1_cam5","max_dipersal","no","/work/georges/BRISCA/SRC_baseline_maps_2017-04-26/src_baseline_06364.grd","Tall shrub","RCP_2.6_cesm1_cam5",11.7701534845632,12933400,16.3753236705513,10165900,-2767500,-2.7675,-0.21398,9.7635,1.78602,1.6505325,1.73985,1.81715,8.01125,9.1664,10.166175,9568800,0.501097963119972,0.553798902613858,0.597269339666547,2.0808468038363,2.21554462467218,2.3190660331201,0.843483520930032,-0.162227934738898,-0.165777923283147,-0.176667028794395,-0.433668731179912,-0.361870813506008,-0.313151950832706
"18",38185,"layer",3536,228789,62871,4474,5.325,6.737,1.413,66407,62871,67345,"full_area",6365,"Cornus canadensis","_EMcaByTSS_mergedAlgo_mergedRun_mergedData_TSSbin.grd","RCP_2.6","cesm1_cam5","max_dipersal","no","/work/georges/BRISCA/SRC_baseline_maps_2017-04-26/src_baseline_06365.grd","Low shrub","RCP_2.6_cesm1_cam5",11.1035577515948,6640700,15.7087279375829,6734500,93800,0.0938,0.01413,12.6248,2.01413,1.8770375,1.967245,1.9986775,11.714425,12.3135,12.5222,6423200,0.629694736094198,0.676634086810714,0.692485711837739,2.46082098838215,2.51069622147429,2.52750306908504,0.176887787961638,-0.033631161764672,-0.0429427390862903,-0.0814506566232035,-0.0536945466340577,-0.0667192167038908,-0.104714914867766
"19",38203,"layer",6718,40526,104528,147898,6.039,132.947,126.908,111246,104528,252426,"full_area",6368,"Dasiphora fruticosa","_EMcaByTSS_mergedAlgo_mergedRun_mergedData_TSSbin.grd","RCP_2.6","cesm1_cam5","max_dipersal","no","/work/georges/BRISCA/SRC_baseline_maps_2017-04-26/src_baseline_06368.grd","Tall shrub","RCP_2.6_cesm1_cam5",11.6194992443259,11124600,16.224669430314,25242600,14118000,14.118,1.26908,26.649,3.26908,3.32815,3.377815,3.4400725,27.306125,27.85865,28.551275,26452250,1.20241659405863,1.21722905075208,1.23549254674462,3.30711103600056,3.32714351060905,3.35170159359873,0.692829280692749,0.539090696199759,0.497652224855077,0.461556178283673,0.79259550098435,0.749728072430861,0.719483609645919
"20",38209,"layer",29871,212222,45871,11706,39.438,15.455,-23.983,75742,45871,57577,"full_area",6369,"Diapensia lapponica","_EMcaByTSS_mergedAlgo_mergedRun_mergedData_TSSbin.grd","RCP_2.6","cesm1_cam5","max_dipersal","no","/work/georges/BRISCA/SRC_baseline_maps_2017-04-26/src_baseline_06369.grd","Dwarf shrub","RCP_2.6_cesm1_cam5",11.2350881072334,7574200,15.8402582932215,5757700,-1816500,-1.8165,-0.23983,10.7145,1.76017,1.6312975,1.750065,1.86633,9.73835,10.63795,11.51855,5681150,0.48937571043887,0.559652930102787,0.623973935663831,2.27607169878642,2.36442779617748,2.44395877929014,0.308418143600214,-0.173950187420001,-0.159923895794218,-0.149962432797111,-0.238443836229788,-0.212987642000708,-0.188259204662669
"21",38239,"layer",49310,236493,13867,0,78.051,0,-78.051,63177,13867,13867,"full_area",6374,"Dryas integrifolia","_EMcaByTSS_mergedAlgo_mergedRun_mergedData_TSSbin.grd","RCP_2.6","cesm1_cam5","max_dipersal","no","/work/georges/BRISCA/SRC_baseline_maps_2017-04-26/src_baseline_06374.grd","Dwarf shrub","RCP_2.6_cesm1_cam5",11.0536955898479,6317700,15.658865775836,1386700,-4931000,-4.931,-0.78051,7.6,1.21949,1.1831025,1.232735,1.30673,7.370075,7.68365,8.151125,1470350,0.16814022536797,0.20923527813081,0.267527833347414,1.99742788254024,2.03909469467579,2.09815595453638,0.12702562621473,-0.495185672490901,-0.510341547766194,-0.506408535113528,-0.517087652475972,-0.538320743502398,-0.534062029416427
"22",38245,"layer",427,202143,97100,0,0.438,0,-0.438,97527,97100,97100,"full_area",6375,"Dryas octopetala","_EMcaByTSS_mergedAlgo_mergedRun_mergedData_TSSbin.grd","RCP_2.6","cesm1_cam5","max_dipersal","no","/work/georges/BRISCA/SRC_baseline_maps_2017-04-26/src_baseline_06375.grd","Dwarf shrub","RCP_2.6_cesm1_cam5",11.4878845417267,9752700,16.0930547277148,9710000,-42700,-0.0427,-0.00438,12.4883,1.99562,1.98471,1.993035,1.99735,12.381875,12.46305,12.505125,9684750,0.685472807748251,0.689658602541585,0.691821301971273,2.51623370974645,2.52276826671134,2.52613856028122,0.561214578093587,0.0221469098893803,-0.0299182233554198,-0.0821150664896693,0.00171817473024261,-0.0546471714668417,-0.106079423671588
"23",38269,"layer",14533,110325,144040,30772,9.165,19.406,10.241,158573,144040,174812,"full_area",6379,"Empetrum nigrum","_EMcaByTSS_mergedAlgo_mergedRun_mergedData_TSSbin.grd","RCP_2.6","cesm1_cam5","max_dipersal","no","/work/georges/BRISCA/SRC_baseline_maps_2017-04-26/src_baseline_06379.grd","Low shrub","RCP_2.6_cesm1_cam5",11.973970334094,15857300,16.5791405200821,17481200,1623900,1.6239,0.10241,14.1549,2.10241,1.8836025,2.0637,2.238935,10.685225,13.54115,16.319825,16867450,0.633186166632081,0.724500488217941,0.806000306377886,2.36886194610673,2.60573319740776,2.79238062643925,1.04730037046085,-0.030139731226789,0.00492366232093622,0.0320639379169442,-0.145653588909485,0.0283177592295774,0.160162642486443
"24",38281,"layer",426,237919,25236,36089,1.66,140.632,138.972,25662,25236,61325,"full_area",6381,"Harrimanella hypnoides","_EMcaByTSS_mergedAlgo_mergedRun_mergedData_TSSbin.grd","RCP_2.6","cesm1_cam5","max_dipersal","no","/work/georges/BRISCA/SRC_baseline_maps_2017-04-26/src_baseline_06381.grd","Dwarf shrub","RCP_2.6_cesm1_cam5",10.152766577455,2566200,14.7579367634431,6132500,3566300,3.5663,1.38972,16.0973,3.38972,3.48973,3.562445,3.6039675,16.35395,16.54055,16.6471,6575750,1.24982436932475,1.2704471068791,1.28203532194738,2.79446945837911,2.80581494176336,2.8122360270822,-0.773903386178194,0.586498471465877,0.550870280982096,0.508098953486442,0.279953923362902,0.228399503585179,0.180018043129385
"25",38293,"layer",17580,239129,42961,0,29.038,0,-29.038,60541,42961,42961,"full_area",6383,"Loiseleuria procumbens","_EMcaByTSS_mergedAlgo_mergedRun_mergedData_TSSbin.grd","RCP_2.6","cesm1_cam5","max_dipersal","no","/work/georges/BRISCA/SRC_baseline_maps_2017-04-26/src_baseline_06383.grd","Dwarf shrub","RCP_2.6_cesm1_cam5",11.0110761004439,6054100,15.616246286432,4296100,-1758000,-1.758,-0.29038,10.773,1.70962,1.51188,1.70984,1.8340575,9.575875,10.77435,11.52635,4297450,0.413353909528402,0.536399798885418,0.606530725578353,2.25924691470347,2.37716830934421,2.44463571868219,0.084406136810756,-0.249971988330469,-0.183177027011587,-0.167405642882589,-0.255268620312738,-0.200247128833974,-0.187582265270625
"26",38299,"layer",76339,146847,73385,3099,50.986,2.07,-48.917,149724,73385,76484,"full_area",6384,"Linnaea borealis","_EMcaByTSS_mergedAlgo_mergedRun_mergedData_TSSbin.grd","RCP_2.6","cesm1_cam5","max_dipersal","no","/work/georges/BRISCA/SRC_baseline_maps_2017-04-26/src_baseline_06384.grd","Dwarf shrub","RCP_2.6_cesm1_cam5",11.916548878199,14972400,16.5217190641871,7648400,-7324000,-7.324,-0.48917,5.207,1.51083,1.3944475,1.498405,1.641415,3.464425,5.02095,7.1621,7462350,0.332498279474233,0.40440120903486,0.495558674711988,1.2425466737055,1.61361915882732,1.96880323405905,0.989878914565864,-0.330827618384638,-0.315175616862145,-0.278377693748954,-1.27196886131071,-0.963796279350861,-0.66341474989376
"27",38323,"layer",394,126837,54671,117768,0.716,213.871,213.155,55065,54671,172439,"full_area",6388,"Myrica gale","_EMcaByTSS_mergedAlgo_mergedRun_mergedData_TSSbin.grd","RCP_2.6","cesm1_cam5","max_dipersal","no","/work/georges/BRISCA/SRC_baseline_maps_2017-04-26/src_baseline_06388.grd","Tall shrub","RCP_2.6_cesm1_cam5",10.916269584599,5506500,15.5214397705871,17243900,11737400,11.7374,2.13155,24.2684,4.13155,4.0188175,4.17677,4.329445,23.647625,24.5174,25.3581,17492900,1.39098770513023,1.42953822055633,1.46543935827958,3.16326268706225,3.19938306955674,3.23309820562665,-0.0104003790341132,0.727661807271363,0.709961394659324,0.691502989818642,0.648747152046039,0.621967631378554,0.60088022167384
"28",38335,"layer",18158,211197,55361,14954,24.698,20.34,-4.358,73519,55361,70315,"full_area",6390,"Vaccinium oxycoccos","_EMcaByTSS_mergedAlgo_mergedRun_mergedData_TSSbin.grd","RCP_2.6","cesm1_cam5","max_dipersal","no","/work/georges/BRISCA/SRC_baseline_maps_2017-04-26/src_baseline_06390.grd","Dwarf shrub","RCP_2.6_cesm1_cam5",11.205299155196,7351900,15.8104693411841,7031500,-320400,-0.3204,-0.04358,12.2106,1.95642,1.681635,1.90587,2.2338275,10.190425,11.83895,14.250075,6659850,0.519766534434894,0.644938597239581,0.803716481909228,2.32144855392133,2.47139494309091,2.6567621698587,0.278629191562883,-0.143559363423977,-0.0746382286574235,0.0297801134482861,-0.193066981094886,-0.106020495087277,0.0245441859058939
"29",38347,"layer",8958,126978,62815,100919,12.481,140.609,128.128,71773,62815,163734,"full_area",6392,"Phyllodoce caerulea","_EMcaByTSS_mergedAlgo_mergedRun_mergedData_TSSbin.grd","RCP_2.6","cesm1_cam5","max_dipersal","no","/work/georges/BRISCA/SRC_baseline_maps_2017-04-26/src_baseline_06392.grd","Dwarf shrub","RCP_2.6_cesm1_cam5",11.1812636397456,7177300,15.7864338257337,16373400,9196100,9.1961,1.28128,21.7271,3.28128,3.543575,3.650955,3.8583075,23.6097,24.3804,25.86865,19026700,1.26513610455851,1.29498877720724,1.35022861581741,3.16165764453639,3.19377953080943,3.2530318108394,0.254593676112423,0.601810206699639,0.575411951310233,0.576292247356468,0.647142109520177,0.616364092631244,0.620813826886588
"30",38359,"layer",152,95428,83238,120852,0.182,144.924,144.742,83390,83238,204090,"full_area",6394,"Rhododendron lapponicum","_EMcaByTSS_mergedAlgo_mergedRun_mergedData_TSSbin.grd","RCP_2.6","cesm1_cam5","max_dipersal","no","/work/georges/BRISCA/SRC_baseline_maps_2017-04-26/src_baseline_06394.grd","Tall shrub","RCP_2.6_cesm1_cam5",11.331283677081,8339000,15.9364538630691,20409000,12070000,12.07,1.44742,24.601,3.44742,3.1933775,3.325375,3.4921025,22.4826,23.5833,24.973625,19391300,1.16107913411672,1.2015824497033,1.25050399035299,3.11274167670057,3.16053883442668,3.21782026796398,0.404613713447873,0.497753236257847,0.482005623806294,0.476567621892043,0.598226141684355,0.583123396248492,0.585602284011167
"31",38365,"layer",4,4592,140672,154402,0.003,109.757,109.754,140676,140672,295074,"full_area",6395,"Rhododendron tomentosum","_EMcaByTSS_mergedAlgo_mergedRun_mergedData_TSSbin.grd","RCP_2.6","cesm1_cam5","max_dipersal","no","/work/georges/BRISCA/SRC_baseline_maps_2017-04-26/src_baseline_06395.grd","Tall shrub","RCP_2.6_cesm1_cam5",11.8542146528598,14067600,16.4593848388479,29507400,15439800,15.4398,1.09754,27.9708,3.09754,3.0856675,3.104895,3.123015,27.803725,28.07425,28.329075,29610850,1.12676800348282,1.13297989838853,1.13879888136337,3.32517000452611,3.33485278610917,3.34388866240927,0.927544689226671,0.463442105623954,0.413403072491528,0.364862512902432,0.810654469509901,0.757437347930989,0.711670678456457
"32",38395,"layer",969,107367,119889,71445,0.802,59.115,58.313,120858,119889,191334,"full_area",6400,"Ribes spicatum","_EMcaByTSS_mergedAlgo_mergedRun_mergedData_TSSbin.grd","RCP_2.6","cesm1_cam5","max_dipersal","no","/work/georges/BRISCA/SRC_baseline_maps_2017-04-26/src_baseline_06400.grd","Tall shrub","RCP_2.6_cesm1_cam5",11.7023715817065,12085800,16.3075417676946,19133400,7047600,7.0476,0.58313,19.5786,2.58313,2.55935,2.584415,2.612215,19.29115,19.5941,19.930125,19148900,0.939753320001822,0.94949917674013,0.960198520430992,2.9596464415222,2.97522850051257,2.99223240615687,0.77570161807332,0.276427422142951,0.229922350843125,0.18626215197005,0.445130906505985,0.397813062334387,0.360014422204056
"33",38407,"layer",2041,98913,149214,49502,1.349,32.728,31.378,151255,149214,198716,"full_area",6402,"Rosa acicularis","_EMcaByTSS_mergedAlgo_mergedRun_mergedData_TSSbin.grd","RCP_2.6","cesm1_cam5","max_dipersal","no","/work/georges/BRISCA/SRC_baseline_maps_2017-04-26/src_baseline_06402.grd","Tall shrub","RCP_2.6_cesm1_cam5",11.9267224331979,15125500,16.531892619186,19871600,4746100,4.7461,0.31378,17.2771,2.31378,2.151485,2.207755,2.2914875,14.822275,15.6734,16.939925,18267900,0.76615830139213,0.791976162113389,0.829201170009986,2.6961311168586,2.75196500794391,2.82967326182332,1.00005246956477,0.10283240353326,0.0723993362163842,0.0552648015490436,0.181615581842393,0.174549569765729,0.197455277870506
"34",38413,"layer",3,179631,87371,32665,0.003,37.385,37.382,87374,87371,120036,"full_area",6403,"Rosa majalis","_EMcaByTSS_mergedAlgo_mergedRun_mergedData_TSSbin.grd","RCP_2.6","cesm1_cam5","max_dipersal","no","/work/georges/BRISCA/SRC_baseline_maps_2017-04-26/src_baseline_06403.grd","Tall shrub","RCP_2.6_cesm1_cam5",11.3779530345493,8737400,15.9831232205374,12003600,3266200,3.2662,0.37382,15.7972,2.37382,2.377075,2.37914,2.38041,15.825675,15.8437,15.854825,12050100,0.865870740257237,0.8667390778449,0.867272741754362,2.76163362114902,2.76277194496794,2.7634738704018,0.451283070916144,0.202544842398366,0.147162251947895,0.09333637329342,0.247118086132807,0.185356506789752,0.131255886448993
"35",38431,"layer",327,93359,173385,32599,0.188,18.766,18.578,173712,173385,205984,"full_area",6406,"Rubus chamaemorus","_EMcaByTSS_mergedAlgo_mergedRun_mergedData_TSSbin.grd","RCP_2.6","cesm1_cam5","max_dipersal","no","/work/georges/BRISCA/SRC_baseline_maps_2017-04-26/src_baseline_06406.grd","Dwarf shrub","RCP_2.6_cesm1_cam5",12.0651540344716,17371200,16.6703242204597,20598400,3227200,3.2272,0.18578,15.7582,2.18578,2.172075,2.179495,2.1855175,15.520125,15.64905,15.7537,20489250,0.775682931862269,0.779093198589527,0.781852642610153,2.74213756884635,2.75041021226827,2.75707525831703,1.13848407083848,0.112357034003399,0.0595163726925217,0.00791627414921092,0.227622033830138,0.172994774090085,0.124857274364221
"36",38437,"layer",7587,151934,116132,24017,6.132,19.413,13.28,123719,116132,140149,"full_area",6407,"Rubus idaeus","_EMcaByTSS_mergedAlgo_mergedRun_mergedData_TSSbin.grd","RCP_2.6","cesm1_cam5","max_dipersal","no","/work/georges/BRISCA/SRC_baseline_maps_2017-04-26/src_baseline_06407.grd","Tall shrub","RCP_2.6_cesm1_cam5",11.7257681439988,12371900,16.3309383299869,14014900,1643000,1.643,0.1328,14.174,2.1328,2.075795,2.15604,2.2171075,13.468725,14.4615,15.21705,14302400,0.730344212836256,0.768273205750344,0.796203418407654,2.60037033115381,2.67148994579041,2.72241650973136,0.799098180365643,0.0670183149773853,0.0486963798533392,0.0222670499467114,0.0858547961375953,0.0940745076122238,0.0901985257785469
"37",38461,"layer",25000,246251,26379,2040,48.658,3.97,-44.688,51379,26379,28419,"full_area",6411,"Salix arctica","_EMcaByTSS_mergedAlgo_mergedRun_mergedData_TSSbin.grd","RCP_2.6","cesm1_cam5","max_dipersal","no","/work/georges/BRISCA/SRC_baseline_maps_2017-04-26/src_baseline_06411.grd","Dwarf shrub","RCP_2.6_cesm1_cam5",10.8469848076485,5137900,15.4521549936366,2841900,-2296000,-2.296,-0.44688,10.235,1.55312,1.5332875,1.616535,1.71515,10.1331,10.5608,11.067475,3167700,0.427414123075838,0.480284969665627,0.539500540350041,2.31580729316317,2.35714903298441,2.40401062675556,-0.0796851559846896,-0.235911774783032,-0.239291856231377,-0.234435828110901,-0.198708241853044,-0.220266405193771,-0.228207357197252
"38",38473,"layer",4448,293937,1276,9,77.708,0.157,-77.551,5724,1276,1285,"full_area",6413,"Salix argyrocarpa","_EMcaByTSS_mergedAlgo_mergedRun_mergedData_TSSbin.grd","RCP_2.6","cesm1_cam5","max_dipersal","no","/work/georges/BRISCA/SRC_baseline_maps_2017-04-26/src_baseline_06413.grd","Tall shrub","RCP_2.6_cesm1_cam5",8.65242314067634,572400,13.2575933266644,128500,-443900,-0.4439,-0.77551,12.0871,1.22449,1.056645,1.091365,1.261485,11.991025,12.0109,12.108275,52300,0.0550987942789935,0.0874292063534491,0.232289598421861,2.48415845329213,2.48581457083625,2.49388910315791,-2.27424682295682,-0.608227103579877,-0.632147619543556,-0.541646770039082,-0.0303570817240826,-0.0916008673419304,-0.138328880794898
"39",38485,"layer",433,268489,21771,8977,1.95,40.43,38.48,22204,21771,30748,"full_area",6415,"Salix barrattiana","_EMcaByTSS_mergedAlgo_mergedRun_mergedData_TSSbin.grd","RCP_2.6","cesm1_cam5","max_dipersal","no","/work/georges/BRISCA/SRC_baseline_maps_2017-04-26/src_baseline_06415.grd","Tall shrub","RCP_2.6_cesm1_cam5",10.0080277318101,2220400,14.6131979177981,3074800,854400,0.8544,0.3848,13.3854,2.3848,2.19328,2.3548,2.3863425,12.96015,13.3188,13.388825,3008200,0.785398140264052,0.856455798171969,0.869761859057181,2.56187926493122,2.5891765709638,2.59442040379887,-0.918642231823107,0.122072242405182,0.136878972274964,0.0958254905962383,0.0473637299150123,0.0117611327856126,-0.0377975801539372
"40",38533,"layer",16454,234824,38480,9912,29.952,18.043,-11.909,54934,38480,48392,"full_area",6423,"Salix glauca","_EMcaByTSS_mergedAlgo_mergedRun_mergedData_TSSbin.grd","RCP_2.6","cesm1_cam5","max_dipersal","no","/work/georges/BRISCA/SRC_baseline_maps_2017-04-26/src_baseline_06423.grd","Tall shrub","RCP_2.6_cesm1_cam5",10.9138877436381,5493400,15.5190579296262,4839200,-654200,-0.6542,-0.11909,11.8768,1.88091,1.700015,1.897875,2.007095,10.88305,11.97,12.569975,4932400,0.530637074552655,0.640734839220215,0.696688403023812,2.38720653302479,2.48240351956988,2.53131103373781,-0.0127822199950689,-0.132688823306215,-0.0788419866767901,-0.0772479654371298,-0.127309001991422,-0.0950119186083023,-0.100906950215003
"41",38539,"layer",875,189838,74268,34689,1.164,46.164,45,75143,74268,108957,"full_area",6424,"Salix hastata","_EMcaByTSS_mergedAlgo_mergedRun_mergedData_TSSbin.grd","RCP_2.6","cesm1_cam5","max_dipersal","no","/work/georges/BRISCA/SRC_baseline_maps_2017-04-26/src_baseline_06424.grd","Tall shrub","RCP_2.6_cesm1_cam5",11.2271482438034,7514300,15.8323184297915,10895700,3381400,3.3814,0.45,15.9124,2.45,2.408145,2.44316,2.4544525,15.597925,15.86105,15.9459,10844350,0.878856741580511,0.893292283377023,0.897903722118488,2.74713789258799,2.76386641830281,2.76920174289546,0.300478280170253,0.215530843721641,0.173715457480019,0.123967353657545,0.232622357571777,0.186450980124627,0.136983758942647
"42",38545,"layer",9972,253906,33122,2670,23.14,6.196,-16.944,43094,33122,35792,"full_area",6425,"Salix herbacea","_EMcaByTSS_mergedAlgo_mergedRun_mergedData_TSSbin.grd","RCP_2.6","cesm1_cam5","max_dipersal","no","/work/georges/BRISCA/SRC_baseline_maps_2017-04-26/src_baseline_06425.grd","Dwarf shrub","RCP_2.6_cesm1_cam5",10.6711390552642,4309400,15.2763092412523,3579200,-730200,-0.7302,-0.16944,11.8008,1.83056,1.7300575,1.85663,1.99944,11.3677,11.91315,12.528575,3691550,0.548154644951571,0.618763016422575,0.692867141352626,2.43077600058029,2.47764283202478,2.5280120353855,-0.25553090836898,-0.1151712529073,-0.10081380947443,-0.0810692271083158,-0.0837395344359222,-0.0997726061534001,-0.104205948567313
"43",38557,"layer",0,232095,50055,17520,0,35.001,35.001,50055,50055,67575,"full_area",6427,"Salix lanata","_EMcaByTSS_mergedAlgo_mergedRun_mergedData_TSSbin.grd","RCP_2.6","cesm1_cam5","max_dipersal","no","/work/georges/BRISCA/SRC_baseline_maps_2017-04-26/src_baseline_06427.grd","Low shrub","RCP_2.6_cesm1_cam5",10.8208776798536,5005500,15.4260478658417,6757500,1752000,1.752,0.35001,14.283,2.35001,2.349205,2.34965,2.35023,14.278925,14.28115,14.2841,6755650,0.854076973048093,0.854266380893762,0.854513195707308,2.6587846739657,2.65894048588178,2.6591470305478,-0.105792283779573,0.190751075189223,0.134689554996757,0.0805768272463658,0.144269138949492,0.0815250477035949,0.026929046594987
"44",38563,"layer",8,233888,60416,5358,0.013,8.867,8.854,60424,60416,65774,"full_area",6428,"Salix lapponum","_EMcaByTSS_mergedAlgo_mergedRun_mergedData_TSSbin.grd","RCP_2.6","cesm1_cam5","max_dipersal","no","/work/georges/BRISCA/SRC_baseline_maps_2017-04-26/src_baseline_06428.grd","Tall shrub","RCP_2.6_cesm1_cam5",11.0091416559933,6042400,15.6143118419814,6577400,535000,0.535,0.08854,13.066,2.08854,2.0792075,2.089625,2.0902425,13.009625,13.07255,13.076275,6583950,0.731986811495236,0.736984624040658,0.737280087954044,2.56568946812744,2.57051461189594,2.57079951953712,0.0824716923601265,0.0686609136363658,0.0174077981436529,-0.0366562805068985,0.0511739331112309,-0.00690082628224831,-0.0614184644156937
"45",38569,"layer",6,257815,35716,6133,0.017,17.169,17.152,35722,35716,41849,"full_area",6429,"Salix myrsinites","_EMcaByTSS_mergedAlgo_mergedRun_mergedData_TSSbin.grd","RCP_2.6","cesm1_cam5","max_dipersal","no","/work/georges/BRISCA/SRC_baseline_maps_2017-04-26/src_baseline_06429.grd","Low shrub","RCP_2.6_cesm1_cam5",10.4835220244644,3572200,15.0886922104525,4184900,612700,0.6127,0.17152,13.1437,2.17152,2.1674775,2.169995,2.17108,13.12925,13.13825,13.142125,4179450,0.773564048995843,0.774724863402248,0.7752247395954,2.57484256558651,2.57552782306074,2.57582271992032,-0.44314793916873,0.110238151136973,0.0551480375052434,0.00128837113445768,0.0603270305702961,-0.0018876151174454,-0.0563952640324881
"46",38587,"layer",0,263577,24009,12084,0,50.331,50.331,24009,24009,36093,"full_area",6432,"Salix niphoclada","_EMcaByTSS_mergedAlgo_mergedRun_mergedData_TSSbin.grd","RCP_2.6","cesm1_cam5","max_dipersal","no","/work/georges/BRISCA/SRC_baseline_maps_2017-04-26/src_baseline_06432.grd","Tall shrub","RCP_2.6_cesm1_cam5",10.0861840390352,2400900,14.6913542250232,3609300,1208400,1.2084,0.50331,13.7394,2.50331,2.5000375,2.50194,2.5027275,13.73155,13.7361,13.738,3606000,0.916305731761656,0.917066430941827,0.917381137166167,2.61969610488663,2.62002740370845,2.62016571579169,-0.840485924598003,0.252979833902786,0.197489605044823,0.143444768705224,0.105180569870419,0.042611965530269,-0.0120522681611201
"47",38611,"layer",10,270534,26330,2796,0.038,10.615,10.577,26340,26330,29126,"full_area",6436,"Salix phlebophylla","_EMcaByTSS_mergedAlgo_mergedRun_mergedData_TSSbin.grd","RCP_2.6","cesm1_cam5","max_dipersal","no","/work/georges/BRISCA/SRC_baseline_maps_2017-04-26/src_baseline_06436.grd","Dwarf shrub","RCP_2.6_cesm1_cam5",10.1788439752973,2634000,14.7840141612854,2912600,278600,0.2786,0.10577,12.8096,2.10577,2.1048225,2.105635,2.1060475,12.8071,12.80925,12.810325,2912250,0.744231140538577,0.744617084351137,0.74481296806332,2.54999970464333,2.55016756618527,2.55025148639087,-0.747825988335887,0.0809052426797069,0.0250402584541322,-0.0291234003976218,0.0354841696271135,-0.0272478719929103,-0.0819664975619414
"48",38617,"layer",859,179736,84522,34553,1.006,40.469,39.463,85381,84522,119075,"full_area",6437,"Salix phylicifolia","_EMcaByTSS_mergedAlgo_mergedRun_mergedData_TSSbin.grd","RCP_2.6","cesm1_cam5","max_dipersal","no","/work/georges/BRISCA/SRC_baseline_maps_2017-04-26/src_baseline_06437.grd","Tall shrub","RCP_2.6_cesm1_cam5",11.3548788725882,8538100,15.9600490585763,11907500,3369400,3.3694,0.39463,15.9004,2.39463,2.40673,2.411555,2.4133975,16.003725,16.0449,16.06065,12052000,0.878268979679844,0.880271767648103,0.88103550577384,2.77282150764316,2.77539104207122,2.776372180925,0.428208908955018,0.214943081820974,0.160694941751098,0.107099137312898,0.258305972626945,0.19797560389304,0.144154196972191
"49",38623,"layer",23537,248784,24798,2551,48.696,5.278,-43.418,48335,24798,27349,"full_area",6438,"Salix polaris","_EMcaByTSS_mergedAlgo_mergedRun_mergedData_TSSbin.grd","RCP_2.6","cesm1_cam5","max_dipersal","no","/work/georges/BRISCA/SRC_baseline_maps_2017-04-26/src_baseline_06438.grd","Dwarf shrub","RCP_2.6_cesm1_cam5",10.7859112148987,4833500,15.3910814008868,2734900,-2098600,-2.0986,-0.43418,10.4324,1.56582,1.389965,1.572545,1.7238775,9.5824,10.4649,11.19635,2767400,0.329278566969467,0.45269532603515,0.544576114032472,2.25992808252806,2.34802680019058,2.41558783232929,-0.140758748734452,-0.334047330889403,-0.266881499861854,-0.22936025442847,-0.254587452488151,-0.229388637987606,-0.216630151623521
"50",38629,"layer",31983,239998,23569,4120,57.573,7.416,-50.157,55552,23569,27689,"full_area",6439,"Salix pulchra","_EMcaByTSS_mergedAlgo_mergedRun_mergedData_TSSbin.grd","RCP_2.6","cesm1_cam5","max_dipersal","no","/work/georges/BRISCA/SRC_baseline_maps_2017-04-26/src_baseline_06439.grd","Tall shrub","RCP_2.6_cesm1_cam5",10.92507479802,5555200,15.5302449840081,2768900,-2786300,-2.7863,-0.50157,9.7447,1.49843,1.3233475,1.498585,1.6111425,8.772075,9.74555,10.370825,2769750,0.280164511263361,0.404521329555927,0.476943554659144,2.17157338045069,2.27681077056648,2.33899657548972,-0.00159516561313566,-0.38316138659551,-0.315055496341078,-0.296992813801799,-0.34294215456552,-0.300604667611702,-0.293221408463089
"51",38647,"layer",23365,185891,80725,9689,22.447,9.308,-13.139,104090,80725,90414,"full_area",6442,"Salix reticulata","_EMcaByTSS_mergedAlgo_mergedRun_mergedData_TSSbin.grd","RCP_2.6","cesm1_cam5","max_dipersal","no","/work/georges/BRISCA/SRC_baseline_maps_2017-04-26/src_baseline_06442.grd","Dwarf shrub","RCP_2.6_cesm1_cam5",11.5530111885095,10409000,16.1581813744976,9041400,-1367600,-1.3676,-0.13139,11.1634,1.86861,1.7123825,1.85481,1.94702,9.537175,11.01975,11.979525,8897750,0.537885675661568,0.617782264937499,0.666299998550966,2.25519732001425,2.39968911744203,2.48319894248555,0.626341224876356,-0.125440222197302,-0.101794560959505,-0.107636369909976,-0.259318215001964,-0.177726320736156,-0.149019041467259
"52",38653,"layer",35713,245476,17640,841,66.937,1.576,-65.361,53353,17640,18481,"full_area",6443,"Salix rosmarinifolia","_EMcaByTSS_mergedAlgo_mergedRun_mergedData_TSSbin.grd","RCP_2.6","cesm1_cam5","max_dipersal","no","/work/georges/BRISCA/SRC_baseline_maps_2017-04-26/src_baseline_06443.grd","Tall shrub","RCP_2.6_cesm1_cam5",10.8846854875763,5335300,15.4898556735644,1848100,-3487200,-3.4872,-0.65361,9.0438,1.34639,1.224845,1.28565,1.4024325,8.3953,8.71975,9.3428,1524050,0.202814305378772,0.251264427030864,0.338208228914262,2.12767202544788,2.16559056778513,2.23460599318118,-0.0419844760568751,-0.460511592480098,-0.46831239886614,-0.43572813954668,-0.386843509568328,-0.411824870393051,-0.397611990771626
"53",38683,"layer",3633,296037,0,0,100,0,-100,3633,0,0,"full_area",6448,"Salix vestita","_EMcaByTSS_mergedAlgo_mergedRun_mergedData_TSSbin.grd","RCP_2.6","cesm1_cam5","max_dipersal","no","/work/georges/BRISCA/SRC_baseline_maps_2017-04-26/src_baseline_06448.grd","Tall shrub","RCP_2.6_cesm1_cam5",8.1978140322212,363300,12.8029842182093,0,-363300,-0.3633,-1,12.1677,1,1,1,1,12.1677,12.1677,12.1677,0,0,0,0,2.49878489982071,2.49878489982071,2.49878489982071,-2.72885593141196,-0.66332589785887,-0.719576825897005,-0.773936368460942,-0.0157306351955024,-0.078630538357475,-0.133433084132101
"54",38695,"layer",6699,148277,86861,57833,7.16,61.814,54.654,93560,86861,144694,"full_area",6450,"Sibbaldia procumbens","_EMcaByTSS_mergedAlgo_mergedRun_mergedData_TSSbin.grd","RCP_2.6","cesm1_cam5","max_dipersal","no","/work/georges/BRISCA/SRC_baseline_maps_2017-04-26/src_baseline_06450.grd","Dwarf shrub","RCP_2.6_cesm1_cam5",11.4463582206981,9356000,16.0515284066862,14469400,5113400,5.1134,0.54654,17.6444,2.54654,2.6057825,2.674995,2.741515,18.1987,18.84625,19.4686,15671250,0.957733013976285,0.983947511187344,1.00851068730423,2.90135016296018,2.93631395511099,2.96880291130315,0.519688257064956,0.294407116117415,0.26437068529034,0.234574318843287,0.386834627943968,0.358898516932807,0.33658492735034
"55",38743,"layer",1709,287755,10206,0,14.343,0,-14.343,11915,10206,10206,"full_area",6458,"Thymus praecox","_EMcaByTSS_mergedAlgo_mergedRun_mergedData_TSSbin.grd","RCP_2.6","cesm1_cam5","max_dipersal","no","/work/georges/BRISCA/SRC_baseline_maps_2017-04-26/src_baseline_06458.grd","Dwarf shrub","RCP_2.6_cesm1_cam5",9.38555338953284,1191500,13.9907235755209,1020600,-170900,-0.1709,-0.14343,12.3601,1.85657,1.52323,1.79249,1.9216925,11.962925,12.28375,12.4377,944250,0.420833080239164,0.583605714675519,0.653206308154228,2.48181228383868,2.5082772506945,2.52073218275743,-1.54111657410032,-0.242492817619707,-0.135971111221486,-0.120730060306715,-0.0327032511775323,-0.0691381874836847,-0.111485801195377
"56",38749,"layer",17450,273468,8752,0,66.598,0,-66.598,26202,8752,8752,"full_area",6459,"Thymus serpyllum","_EMcaByTSS_mergedAlgo_mergedRun_mergedData_TSSbin.grd","RCP_2.6","cesm1_cam5","max_dipersal","no","/work/georges/BRISCA/SRC_baseline_maps_2017-04-26/src_baseline_06459.grd","Dwarf shrub","RCP_2.6_cesm1_cam5",10.1735910227136,2620200,14.7787612087017,875200,-1745000,-1.745,-0.66598,10.786,1.33402,1.1014825,1.306695,1.582065,10.1767,10.7144,11.435925,803600,0.0966569997078172,0.267501048572643,0.458730955732758,2.32010079354007,2.37158863109078,2.43675971620141,-0.753078940919542,-0.566668898151053,-0.452075777324361,-0.315205412728185,-0.194414741476145,-0.205826807087409,-0.195458267751396
"57",38755,"layer",13265,268803,16464,1138,44.62,3.828,-40.792,29729,16464,17602,"full_area",6460,"Vaccinium caespitosum","_EMcaByTSS_mergedAlgo_mergedRun_mergedData_TSSbin.grd","RCP_2.6","cesm1_cam5","max_dipersal","no","/work/georges/BRISCA/SRC_baseline_maps_2017-04-26/src_baseline_06460.grd","Low shrub","RCP_2.6_cesm1_cam5",10.2998782793686,2972900,14.9050484653567,1760200,-1212700,-1.2127,-0.40792,11.3183,1.59208,1.50527,1.56297,1.5936625,11.060225,11.23175,11.323,1673650,0.408972284103581,0.44658785739717,0.466034826456647,2.40335533946773,2.41874458920099,2.4268360553319,-0.626791684264573,-0.254353613755289,-0.272988968499835,-0.307901542004295,-0.11116019554848,-0.158670848977196,-0.205381928620908
"58",38761,"layer",1402,291050,4226,2992,24.911,53.163,28.252,5628,4226,7218,"full_area",6461,"Vaccinium myrtilloides","_EMcaByTSS_mergedAlgo_mergedRun_mergedData_TSSbin.grd","RCP_2.6","cesm1_cam5","max_dipersal","no","/work/georges/BRISCA/SRC_baseline_maps_2017-04-26/src_baseline_06461.grd","Tall shrub","RCP_2.6_cesm1_cam5",8.63550941823428,562800,13.2406796042224,721800,159000,0.159,0.28252,12.69,2.28252,2.2192175,2.699005,3.24525,12.654375,12.9244,13.231825,956200,0.797154656271923,0.992883186572129,1.17719238879097,2.53800300518364,2.55911699765353,2.58262491267997,-2.29116054539888,0.133828758413053,0.273306360675124,0.403256020330025,0.0234874701674319,-0.0182984405246529,-0.0495930712728381
"59",38767,"layer",30,192835,76846,29959,0.039,38.971,38.932,76876,76846,106805,"full_area",6462,"Vaccinium myrtillus","_EMcaByTSS_mergedAlgo_mergedRun_mergedData_TSSbin.grd","RCP_2.6","cesm1_cam5","max_dipersal","no","/work/georges/BRISCA/SRC_baseline_maps_2017-04-26/src_baseline_06462.grd","Low shrub","RCP_2.6_cesm1_cam5",11.2499490131543,7687600,15.8551191991424,10680500,2992900,2.9929,0.38932,15.5239,2.38932,2.3137425,2.38388,2.437225,14.942925,15.4821,15.892175,10638700,0.838866343409231,0.868729412365756,0.890860097012332,2.70423794367419,2.73968451787547,2.76582684972157,0.323279049521137,0.17554044555036,0.149152586468751,0.11692372855139,0.189722408657973,0.162269079697287,0.133608865768764
"60",38779,"layer",31654,69658,162156,36202,16.332,18.679,2.347,193810,162156,198358,"full_area",6464,"Vaccinium uliginosum","_EMcaByTSS_mergedAlgo_mergedRun_mergedData_TSSbin.grd","RCP_2.6","cesm1_cam5","max_dipersal","no","/work/georges/BRISCA/SRC_baseline_maps_2017-04-26/src_baseline_06464.grd","Low shrub","RCP_2.6_cesm1_cam5",12.1746335766948,19381000,16.7798037626829,19835800,454800,0.4548,0.02347,12.9858,2.02347,1.75658,1.94197,2.050325,7.813225,11.4063,13.506375,18256300,0.56336873680473,0.663702921758051,0.717998317170086,2.05581781075687,2.4341658343348,2.60316179620478,1.24796361306164,-0.0999571610541404,-0.0558739041389541,-0.0559380512908559,-0.458697724259345,-0.143249603843383,-0.0290561877480293
"61",38785,"layer",5726,74445,195348,24151,2.848,12.011,9.163,201074,195348,219499,"full_area",6465,"Vaccinium vitis-idaea","_EMcaByTSS_mergedAlgo_mergedRun_mergedData_TSSbin.grd","RCP_2.6","cesm1_cam5","max_dipersal","no","/work/georges/BRISCA/SRC_baseline_maps_2017-04-26/src_baseline_06465.grd","Dwarf shrub","RCP_2.6_cesm1_cam5",12.2114282784912,20107400,16.8165984644793,21949900,1842500,1.8425,0.09163,14.3735,2.09163,1.9284975,2.030915,2.111935,11.093325,13.1526,14.78165,20729000,0.656741202320996,0.708486430417681,0.747604588855257,2.40634357608269,2.5766194577112,2.69338654663684,1.28475831485806,-0.00658469553787433,-0.0110903954793233,-0.0263317796056853,-0.108171958933519,-0.000795980466984592,0.0611685626840277
"62",38803,"layer",9955,270858,17466,1391,36.304,5.073,-31.232,27421,17466,18857,"full_area",6468,"Salix rotundifolia","_EMcaByTSS_mergedAlgo_mergedRun_mergedData_TSSbin.grd","RCP_2.6","cesm1_cam5","max_dipersal","no","/work/georges/BRISCA/SRC_baseline_maps_2017-04-26/src_baseline_06468.grd","Dwarf shrub","RCP_2.6_cesm1_cam5",10.2190644221814,2742100,14.8242346081695,1885700,-856400,-0.8564,-0.31232,11.6746,1.68768,1.6662025,1.69642,1.780125,11.6157,11.69855,11.928075,1909650,0.510547084977664,0.528520148221048,0.576683586557455,2.45235763130265,2.45946490249962,2.47889486516903,-0.707605541451732,-0.152778812881207,-0.191056677675957,-0.197252781903487,-0.0621579037135609,-0.117950535678564,-0.153323118783782
